{
  "single_task_ndcg30": 0.4714088439941406,
  "multi_task_ndcg30": 0.33914071321487427,
  "delta_m_percent": -28.058048248291016
}